map,race,drInMyBase,allLing,emBaseLing,emFrontLing,myBaseLing,myFrontLing,otherLing,time,allHat,allHatCom,allHatUnCom,emBaseHat,emBaseHatCom,emBaseHatUnCom,emFrontHat,emFrontHatCom,emFrontHatUnCom,nearMeHat,nearMeHatCom,nearMeHatUnCom,emGas,myBaseEmGas,emBaseIsClose,enemyBaseFound,enemyBaseIsVisible,hatBefore3M,frontHatHP,y
(4)CircuitBreaker.scx,Zerg,0,0,0,0,0,0,0,2880,0,0,0,0,0,0,0,0,0,0,0,0,0,0,0,0,0,0,0,30
(4)CircuitBreaker.scx,Zerg,0,0,0,0,0,0,0,2892,0,0,0,0,0,0,0,0,0,0,0,0,0,0,0,0,0,0,0,30
(4)CircuitBreaker.scx,Zerg,0,0,0,0,0,0,0,2904,0,0,0,0,0,0,0,0,0,0,0,0,0,0,0,0,0,0,0,30
(4)CircuitBreaker.scx,Zerg,0,0,0,0,0,0,0,2916,0,0,0,0,0,0,0,0,0,0,0,0,0,0,0,0,0,0,0,30
(4)CircuitBreaker.scx,Zerg,0,0,0,0,0,0,0,2928,0,0,0,0,0,0,0,0,0,0,0,0,0,0,0,0,0,0,0,30
(4)CircuitBreaker.scx,Zerg,0,0,0,0,0,0,0,2940,0,0,0,0,0,0,0,0,0,0,0,0,0,0,0,0,0,0,0,30
(4)CircuitBreaker.scx,Zerg,0,0,0,0,0,0,0,2952,0,0,0,0,0,0,0,0,0,0,0,0,0,0,0,0,0,0,0,30
(4)CircuitBreaker.scx,Zerg,0,0,0,0,0,0,0,2964,0,0,0,0,0,0,0,0,0,0,0,0,0,0,0,0,0,0,0,30
(4)CircuitBreaker.scx,Zerg,0,0,0,0,0,0,0,2976,0,0,0,0,0,0,0,0,0,0,0,0,0,0,0,0,0,0,0,30
(4)CircuitBreaker.scx,Zerg,0,0,0,0,0,0,0,2988,0,0,0,0,0,0,0,0,0,0,0,0,0,0,0,0,0,0,0,30
(4)CircuitBreaker.scx,Zerg,0,0,0,0,0,0,0,3000,0,0,0,0,0,0,0,0,0,0,0,0,0,0,0,0,0,0,0,30
(4)CircuitBreaker.scx,Zerg,0,0,0,0,0,0,0,3012,0,0,0,0,0,0,0,0,0,0,0,0,0,0,0,0,0,0,0,30
(4)CircuitBreaker.scx,Zerg,0,0,0,0,0,0,0,3024,0,0,0,0,0,0,0,0,0,0,0,0,0,0,0,0,0,0,0,30
(4)CircuitBreaker.scx,Zerg,0,0,0,0,0,0,0,3036,0,0,0,0,0,0,0,0,0,0,0,0,0,0,0,0,0,0,0,30
(4)CircuitBreaker.scx,Zerg,0,0,0,0,0,0,0,3048,0,0,0,0,0,0,0,0,0,0,0,0,0,0,0,0,0,0,0,30
(4)CircuitBreaker.scx,Zerg,0,0,0,0,0,0,0,3060,0,0,0,0,0,0,0,0,0,0,0,0,0,0,0,0,0,0,0,30
(4)CircuitBreaker.scx,Zerg,0,0,0,0,0,0,0,3072,0,0,0,0,0,0,0,0,0,0,0,0,0,0,0,0,0,0,0,30
(4)CircuitBreaker.scx,Zerg,0,0,0,0,0,0,0,3084,0,0,0,0,0,0,0,0,0,0,0,0,0,0,0,0,0,0,0,30
(4)CircuitBreaker.scx,Zerg,0,0,0,0,0,0,0,3096,0,0,0,0,0,0,0,0,0,0,0,0,0,0,0,0,0,0,0,30
(4)CircuitBreaker.scx,Zerg,0,0,0,0,0,0,0,3108,0,0,0,0,0,0,0,0,0,0,0,0,0,0,0,0,0,0,0,30
(4)CircuitBreaker.scx,Zerg,0,0,0,0,0,0,0,3120,0,0,0,0,0,0,0,0,0,0,0,0,0,0,0,0,0,0,0,30
(4)CircuitBreaker.scx,Zerg,0,0,0,0,0,0,0,3132,0,0,0,0,0,0,0,0,0,0,0,0,0,0,0,0,0,0,0,30
(4)CircuitBreaker.scx,Zerg,0,0,0,0,0,0,0,3144,0,0,0,0,0,0,0,0,0,0,0,0,0,0,0,0,0,0,0,30
(4)CircuitBreaker.scx,Zerg,0,0,0,0,0,0,0,3156,0,0,0,0,0,0,0,0,0,0,0,0,0,0,0,0,0,0,0,30
(4)CircuitBreaker.scx,Zerg,0,0,0,0,0,0,0,3168,0,0,0,0,0,0,0,0,0,0,0,0,0,0,0,0,0,0,0,30
(4)CircuitBreaker.scx,Zerg,0,0,0,0,0,0,0,3180,0,0,0,0,0,0,0,0,0,0,0,0,0,0,0,0,0,0,0,30
(4)CircuitBreaker.scx,Zerg,0,0,0,0,0,0,0,3192,0,0,0,0,0,0,0,0,0,0,0,0,0,0,0,0,0,0,0,30
(4)CircuitBreaker.scx,Zerg,0,0,0,0,0,0,0,3204,0,0,0,0,0,0,0,0,0,0,0,0,0,0,0,0,0,0,0,30
(4)CircuitBreaker.scx,Zerg,0,0,0,0,0,0,0,3216,0,0,0,0,0,0,0,0,0,0,0,0,0,0,0,0,0,0,0,30
(4)CircuitBreaker.scx,Zerg,0,0,0,0,0,0,0,3228,0,0,0,0,0,0,0,0,0,0,0,0,0,0,0,0,0,0,0,30
(4)CircuitBreaker.scx,Zerg,0,0,0,0,0,0,0,3240,0,0,0,0,0,0,0,0,0,0,0,0,0,0,0,0,0,0,0,30
(4)CircuitBreaker.scx,Zerg,0,0,0,0,0,0,0,3252,0,0,0,0,0,0,0,0,0,0,0,0,0,0,0,0,0,0,0,30
(4)CircuitBreaker.scx,Zerg,0,0,0,0,0,0,0,3264,0,0,0,0,0,0,0,0,0,0,0,0,0,0,0,0,0,0,0,30
(4)CircuitBreaker.scx,Zerg,0,0,0,0,0,0,0,3276,0,0,0,0,0,0,0,0,0,0,0,0,0,0,0,0,0,0,0,30
(4)CircuitBreaker.scx,Zerg,0,0,0,0,0,0,0,3288,0,0,0,0,0,0,0,0,0,0,0,0,0,0,0,0,0,0,0,30
(4)CircuitBreaker.scx,Zerg,0,0,0,0,0,0,0,3300,0,0,0,0,0,0,0,0,0,0,0,0,0,0,0,0,0,0,0,30
(4)CircuitBreaker.scx,Zerg,0,0,0,0,0,0,0,3312,0,0,0,0,0,0,0,0,0,0,0,0,0,0,0,0,0,0,0,30
(4)CircuitBreaker.scx,Zerg,0,0,0,0,0,0,0,3324,0,0,0,0,0,0,0,0,0,0,0,0,0,0,0,0,0,0,0,30
(4)CircuitBreaker.scx,Zerg,0,0,0,0,0,0,0,3336,0,0,0,0,0,0,0,0,0,0,0,0,0,0,0,0,0,0,0,30
(4)CircuitBreaker.scx,Zerg,0,0,0,0,0,0,0,3348,0,0,0,0,0,0,0,0,0,0,0,0,0,0,0,0,0,0,0,30
(4)CircuitBreaker.scx,Zerg,0,0,0,0,0,0,0,3360,0,0,0,0,0,0,0,0,0,0,0,0,0,0,0,0,0,0,0,30
(4)CircuitBreaker.scx,Zerg,0,0,0,0,0,0,0,3372,0,0,0,0,0,0,0,0,0,0,0,0,0,0,0,0,0,0,0,30
(4)CircuitBreaker.scx,Zerg,0,0,0,0,0,0,0,3384,0,0,0,0,0,0,0,0,0,0,0,0,0,0,0,0,0,0,0,30
(4)CircuitBreaker.scx,Zerg,0,0,0,0,0,0,0,3396,0,0,0,0,0,0,0,0,0,0,0,0,0,0,0,0,0,0,0,30
(4)CircuitBreaker.scx,Zerg,0,0,0,0,0,0,0,3408,0,0,0,0,0,0,0,0,0,0,0,0,0,0,0,0,0,0,0,30
(4)CircuitBreaker.scx,Zerg,0,1,0,0,0,0,1,3420,0,0,0,0,0,0,0,0,0,0,0,0,0,0,0,0,0,0,0,0
(4)CircuitBreaker.scx,Zerg,0,1,0,0,0,0,1,3432,0,0,0,0,0,0,0,0,0,0,0,0,0,0,0,0,0,0,0,0
(4)CircuitBreaker.scx,Zerg,0,1,0,0,0,0,1,3444,0,0,0,0,0,0,0,0,0,0,0,0,0,0,0,0,0,0,0,0
(4)CircuitBreaker.scx,Zerg,0,1,0,0,0,0,1,3456,0,0,0,0,0,0,0,0,0,0,0,0,0,0,0,0,0,0,0,0
(4)CircuitBreaker.scx,Zerg,0,1,0,0,0,0,1,3468,0,0,0,0,0,0,0,0,0,0,0,0,0,0,0,0,0,0,0,0
(4)CircuitBreaker.scx,Zerg,0,1,0,0,0,0,1,3480,0,0,0,0,0,0,0,0,0,0,0,0,0,0,0,0,0,0,0,0
(4)CircuitBreaker.scx,Zerg,0,1,0,0,0,0,1,3492,0,0,0,0,0,0,0,0,0,0,0,0,0,0,0,0,0,0,0,0
(4)CircuitBreaker.scx,Zerg,0,1,0,0,0,0,1,3504,0,0,0,0,0,0,0,0,0,0,0,0,0,0,0,0,0,0,0,0
(4)CircuitBreaker.scx,Zerg,0,1,0,0,0,0,1,3516,0,0,0,0,0,0,0,0,0,0,0,0,0,0,0,0,0,0,0,0
(4)CircuitBreaker.scx,Zerg,0,1,0,0,0,0,1,3528,0,0,0,0,0,0,0,0,0,0,0,0,0,0,0,0,0,0,0,0
(4)CircuitBreaker.scx,Zerg,0,1,0,0,0,0,1,3540,0,0,0,0,0,0,0,0,0,0,0,0,0,0,0,0,0,0,0,0
(4)CircuitBreaker.scx,Zerg,0,1,0,0,0,1,0,3552,0,0,0,0,0,0,0,0,0,0,0,0,0,0,0,0,0,0,0,0
(4)CircuitBreaker.scx,Zerg,0,1,0,0,0,1,0,3564,0,0,0,0,0,0,0,0,0,0,0,0,0,0,0,0,0,0,0,0
(4)CircuitBreaker.scx,Zerg,0,1,0,0,0,1,0,3576,0,0,0,0,0,0,0,0,0,0,0,0,0,0,0,0,0,0,0,0
(4)CircuitBreaker.scx,Zerg,0,1,0,0,0,1,0,3588,0,0,0,0,0,0,0,0,0,0,0,0,0,0,0,0,0,0,0,0
(4)CircuitBreaker.scx,Zerg,0,1,0,0,0,1,0,3600,0,0,0,0,0,0,0,0,0,0,0,0,0,0,0,0,0,0,0,0
(4)CircuitBreaker.scx,Zerg,0,1,0,0,0,1,0,3612,0,0,0,0,0,0,0,0,0,0,0,0,0,0,0,0,0,0,0,0
(4)CircuitBreaker.scx,Zerg,0,1,0,0,0,1,0,3624,0,0,0,0,0,0,0,0,0,0,0,0,0,0,0,0,0,0,0,0
(4)CircuitBreaker.scx,Zerg,0,1,0,0,0,1,0,3636,0,0,0,0,0,0,0,0,0,0,0,0,0,0,0,0,0,0,0,0
(4)CircuitBreaker.scx,Zerg,0,1,0,0,0,0,1,3648,0,0,0,0,0,0,0,0,0,0,0,0,0,0,0,0,0,0,0,0
(4)CircuitBreaker.scx,Zerg,0,1,0,0,0,1,0,3660,0,0,0,0,0,0,0,0,0,0,0,0,0,0,0,0,0,0,0,0
(4)CircuitBreaker.scx,Zerg,0,2,0,0,0,0,2,3672,0,0,0,0,0,0,0,0,0,0,0,0,0,0,0,0,0,0,0,0
(4)CircuitBreaker.scx,Zerg,0,3,0,0,0,0,3,3684,0,0,0,0,0,0,0,0,0,0,0,0,0,0,0,0,0,0,0,0
(4)CircuitBreaker.scx,Zerg,0,3,0,0,0,0,3,3696,0,0,0,0,0,0,0,0,0,0,0,0,0,0,0,0,0,0,0,0
(4)CircuitBreaker.scx,Zerg,0,3,0,0,0,0,3,3708,0,0,0,0,0,0,0,0,0,0,0,0,0,0,0,0,0,0,0,0
(4)CircuitBreaker.scx,Zerg,0,3,0,0,0,0,3,3720,0,0,0,0,0,0,0,0,0,0,0,0,0,0,0,0,0,0,0,0
(4)CircuitBreaker.scx,Zerg,0,3,0,0,0,0,3,3732,0,0,0,0,0,0,0,0,0,0,0,0,0,0,0,0,0,0,0,0
(4)CircuitBreaker.scx,Zerg,0,3,0,0,0,0,3,3744,0,0,0,0,0,0,0,0,0,0,0,0,0,0,0,0,0,0,0,0
(4)CircuitBreaker.scx,Zerg,0,3,0,0,0,0,3,3756,0,0,0,0,0,0,0,0,0,0,0,0,0,0,0,0,0,0,0,0
(4)CircuitBreaker.scx,Zerg,0,3,0,0,0,0,3,3768,0,0,0,0,0,0,0,0,0,0,0,0,0,0,0,0,0,0,0,0
(4)CircuitBreaker.scx,Zerg,0,3,0,0,0,0,3,3780,0,0,0,0,0,0,0,0,0,0,0,0,0,0,0,0,0,0,0,0
(4)CircuitBreaker.scx,Zerg,0,3,0,0,0,0,3,3792,0,0,0,0,0,0,0,0,0,0,0,0,0,0,0,0,0,0,0,0
(4)CircuitBreaker.scx,Zerg,0,3,0,0,0,1,2,3804,0,0,0,0,0,0,0,0,0,0,0,0,0,0,0,0,0,0,0,0
(4)CircuitBreaker.scx,Zerg,0,4,0,0,0,1,3,3816,0,0,0,0,0,0,0,0,0,0,0,0,0,0,0,0,0,0,0,0
(4)CircuitBreaker.scx,Zerg,0,5,0,0,0,1,4,3828,0,0,0,0,0,0,0,0,0,0,0,0,0,0,0,0,0,0,0,0
(4)CircuitBreaker.scx,Zerg,0,5,0,0,0,1,4,3840,0,0,0,0,0,0,0,0,0,0,0,0,0,0,0,0,0,0,0,0
(4)CircuitBreaker.scx,Zerg,0,5,0,0,0,1,4,3852,0,0,0,0,0,0,0,0,0,0,0,0,0,0,0,0,0,0,0,0
(4)CircuitBreaker.scx,Zerg,0,5,0,0,0,0,5,3864,0,0,0,0,0,0,0,0,0,0,0,0,0,0,0,0,0,0,0,0
(4)CircuitBreaker.scx,Zerg,0,6,0,0,0,1,5,3876,0,0,0,0,0,0,0,0,0,0,0,0,0,0,0,0,0,0,0,0
(4)CircuitBreaker.scx,Zerg,0,6,0,0,0,1,5,3888,0,0,0,0,0,0,0,0,0,0,0,0,0,0,0,0,0,0,0,0
(4)CircuitBreaker.scx,Zerg,0,6,0,0,0,2,4,3900,0,0,0,0,0,0,0,0,0,0,0,0,0,0,0,0,0,0,0,0
(4)CircuitBreaker.scx,Zerg,0,6,0,0,0,1,5,3912,0,0,0,0,0,0,0,0,0,0,0,0,0,0,0,0,0,0,0,0
(4)CircuitBreaker.scx,Zerg,0,6,0,0,0,1,5,3924,0,0,0,0,0,0,0,0,0,0,0,0,0,0,0,0,0,0,0,0
(4)CircuitBreaker.scx,Zerg,0,6,0,0,0,1,5,3936,0,0,0,0,0,0,0,0,0,0,0,0,0,0,0,0,0,0,0,0
(4)CircuitBreaker.scx,Zerg,0,6,0,0,0,1,5,3948,0,0,0,0,0,0,0,0,0,0,0,0,0,0,0,0,0,0,0,0
(4)CircuitBreaker.scx,Zerg,0,6,0,0,0,1,5,3960,0,0,0,0,0,0,0,0,0,0,0,0,0,0,0,0,0,0,0,0
(4)CircuitBreaker.scx,Zerg,0,6,0,0,0,1,5,3972,0,0,0,0,0,0,0,0,0,0,0,0,0,0,0,0,0,0,0,0
(4)CircuitBreaker.scx,Zerg,0,6,0,0,0,4,2,3984,0,0,0,0,0,0,0,0,0,0,0,0,0,0,0,0,0,0,0,0
(4)CircuitBreaker.scx,Zerg,0,6,0,0,0,6,0,3996,0,0,0,0,0,0,0,0,0,0,0,0,0,0,0,0,0,0,0,0
(4)CircuitBreaker.scx,Zerg,0,6,0,0,0,6,0,4008,0,0,0,0,0,0,0,0,0,0,0,0,0,0,0,0,0,0,0,0
(4)CircuitBreaker.scx,Zerg,0,6,0,0,0,6,0,4020,0,0,0,0,0,0,0,0,0,0,0,0,0,0,0,0,0,0,0,0
(4)CircuitBreaker.scx,Zerg,0,6,0,0,0,6,0,4032,0,0,0,0,0,0,0,0,0,0,0,0,0,0,0,0,0,0,0,0
(4)CircuitBreaker.scx,Zerg,0,6,0,0,0,6,0,4044,0,0,0,0,0,0,0,0,0,0,0,0,0,0,0,0,0,0,0,0
(4)CircuitBreaker.scx,Zerg,0,6,0,0,0,6,0,4056,0,0,0,0,0,0,0,0,0,0,0,0,0,0,0,0,0,0,0,0
(4)CircuitBreaker.scx,Zerg,0,6,0,0,0,5,1,4068,0,0,0,0,0,0,0,0,0,0,0,0,0,0,0,0,0,0,0,0
(4)CircuitBreaker.scx,Zerg,0,6,0,0,0,5,1,4080,0,0,0,0,0,0,0,0,0,0,0,0,0,0,0,0,0,0,0,0
(4)CircuitBreaker.scx,Zerg,0,6,0,0,0,4,2,4092,0,0,0,0,0,0,0,0,0,0,0,0,0,0,0,0,0,0,0,0
(4)CircuitBreaker.scx,Zerg,0,6,0,0,1,4,1,4104,0,0,0,0,0,0,0,0,0,0,0,0,0,0,0,0,0,0,0,0
(4)CircuitBreaker.scx,Zerg,0,6,0,0,2,2,2,4116,0,0,0,0,0,0,0,0,0,0,0,0,0,0,0,0,0,0,0,0
(4)CircuitBreaker.scx,Zerg,0,6,0,0,3,1,2,4128,0,0,0,0,0,0,0,0,0,0,0,0,0,0,0,0,0,0,0,0
(4)CircuitBreaker.scx,Zerg,0,6,0,0,4,0,2,4140,0,0,0,0,0,0,0,0,0,0,0,0,0,0,0,0,0,0,0,0
(4)CircuitBreaker.scx,Zerg,0,6,0,0,6,0,0,4152,0,0,0,0,0,0,0,0,0,0,0,0,0,0,0,0,0,0,0,0
(4)CircuitBreaker.scx,Zerg,0,6,0,0,6,0,0,4164,0,0,0,0,0,0,0,0,0,0,0,0,0,0,0,0,0,0,0,0
(4)CircuitBreaker.scx,Zerg,0,6,0,0,6,0,0,4176,0,0,0,0,0,0,0,0,0,0,0,0,0,0,0,0,0,0,0,0
(4)CircuitBreaker.scx,Zerg,0,6,0,0,6,0,0,4188,0,0,0,0,0,0,0,0,0,0,0,0,0,0,0,0,0,0,0,0
(4)CircuitBreaker.scx,Zerg,0,6,0,0,6,0,0,4200,0,0,0,0,0,0,0,0,0,0,0,0,0,0,0,0,0,0,0,0
(4)CircuitBreaker.scx,Zerg,0,6,0,0,6,0,0,4212,0,0,0,0,0,0,0,0,0,0,0,0,0,0,0,0,0,0,0,0
(4)CircuitBreaker.scx,Zerg,0,6,0,0,5,0,1,4224,0,0,0,0,0,0,0,0,0,0,0,0,0,0,0,0,0,0,0,0
(4)CircuitBreaker.scx,Zerg,0,6,0,0,3,0,3,4236,0,0,0,0,0,0,0,0,0,0,0,0,0,0,0,0,0,0,0,0
(4)CircuitBreaker.scx,Zerg,0,6,0,0,3,0,3,4248,0,0,0,0,0,0,0,0,0,0,0,0,0,0,0,0,0,0,0,0
(4)CircuitBreaker.scx,Zerg,0,6,0,0,6,0,0,4260,0,0,0,0,0,0,0,0,0,0,0,0,0,0,0,0,0,0,0,0
(4)CircuitBreaker.scx,Zerg,0,6,0,0,5,0,1,4272,0,0,0,0,0,0,0,0,0,0,0,0,0,0,0,0,0,0,0,0
(4)CircuitBreaker.scx,Zerg,0,6,0,0,5,0,1,4284,0,0,0,0,0,0,0,0,0,0,0,0,0,0,0,0,0,0,0,0
(4)CircuitBreaker.scx,Zerg,0,6,0,0,5,0,1,4296,0,0,0,0,0,0,0,0,0,0,0,0,0,0,0,0,0,0,0,0
(4)CircuitBreaker.scx,Zerg,0,6,0,0,5,0,1,4308,0,0,0,0,0,0,0,0,0,0,0,0,0,0,0,0,0,0,0,0
(4)CircuitBreaker.scx,Zerg,0,6,0,0,4,0,2,4320,0,0,0,0,0,0,0,0,0,0,0,0,0,0,0,0,0,0,0,0
(4)CircuitBreaker.scx,Zerg,0,6,0,0,5,0,1,4332,0,0,0,0,0,0,0,0,0,0,0,0,0,0,0,0,0,0,0,0
(4)CircuitBreaker.scx,Zerg,0,6,0,0,4,0,2,4344,0,0,0,0,0,0,0,0,0,0,0,0,0,0,0,0,0,0,0,0
(4)CircuitBreaker.scx,Zerg,0,6,0,0,4,0,2,4356,0,0,0,0,0,0,0,0,0,0,0,0,0,0,0,0,0,0,0,0
(4)CircuitBreaker.scx,Zerg,0,6,0,0,4,0,2,4368,0,0,0,0,0,0,0,0,0,0,0,0,0,0,0,0,0,0,0,0
(4)CircuitBreaker.scx,Zerg,0,6,0,0,4,0,2,4380,0,0,0,0,0,0,0,0,0,0,0,0,0,0,0,0,0,0,0,0
(4)CircuitBreaker.scx,Zerg,0,6,0,0,4,0,2,4392,0,0,0,0,0,0,0,0,0,0,0,0,0,0,0,0,0,0,0,0
(4)CircuitBreaker.scx,Zerg,0,6,0,0,4,0,2,4404,0,0,0,0,0,0,0,0,0,0,0,0,0,0,0,0,0,0,0,0
(4)CircuitBreaker.scx,Zerg,0,6,0,0,5,0,1,4416,0,0,0,0,0,0,0,0,0,0,0,0,0,0,0,0,0,0,0,0
(4)CircuitBreaker.scx,Zerg,0,6,0,0,5,0,1,4428,0,0,0,0,0,0,0,0,0,0,0,0,0,0,0,0,0,0,0,0
(4)CircuitBreaker.scx,Zerg,0,6,0,0,5,0,1,4440,0,0,0,0,0,0,0,0,0,0,0,0,0,0,0,0,0,0,0,0
(4)CircuitBreaker.scx,Zerg,0,6,0,0,3,0,3,4452,0,0,0,0,0,0,0,0,0,0,0,0,0,0,0,0,0,0,0,0
(4)CircuitBreaker.scx,Zerg,0,6,0,0,4,0,2,4464,0,0,0,0,0,0,0,0,0,0,0,0,0,0,0,0,0,0,0,0
(4)CircuitBreaker.scx,Zerg,0,6,0,0,5,0,1,4476,0,0,0,0,0,0,0,0,0,0,0,0,0,0,0,0,0,0,0,0
(4)CircuitBreaker.scx,Zerg,0,6,0,0,5,0,1,4488,0,0,0,0,0,0,0,0,0,0,0,0,0,0,0,0,0,0,0,0
(4)CircuitBreaker.scx,Zerg,0,6,0,0,4,0,2,4500,0,0,0,0,0,0,0,0,0,0,0,0,0,0,0,0,0,0,0,0
(4)CircuitBreaker.scx,Zerg,0,6,0,0,5,0,1,4512,0,0,0,0,0,0,0,0,0,0,0,0,0,0,0,0,0,0,0,0
(4)CircuitBreaker.scx,Zerg,0,6,0,0,5,0,1,4524,0,0,0,0,0,0,0,0,0,0,0,0,0,0,0,0,0,0,0,0
(4)CircuitBreaker.scx,Zerg,0,6,0,0,4,0,2,4536,0,0,0,0,0,0,0,0,0,0,0,0,0,0,0,0,0,0,0,0
(4)CircuitBreaker.scx,Zerg,0,6,0,0,5,0,1,4548,0,0,0,0,0,0,0,0,0,0,0,0,0,0,0,0,0,0,0,0
(4)CircuitBreaker.scx,Zerg,0,6,0,0,5,0,1,4560,0,0,0,0,0,0,0,0,0,0,0,0,0,0,0,0,0,0,0,0
(4)CircuitBreaker.scx,Zerg,0,6,0,0,4,0,2,4572,0,0,0,0,0,0,0,0,0,0,0,0,0,0,0,0,0,0,0,0
(4)CircuitBreaker.scx,Zerg,0,6,0,0,5,0,1,4584,0,0,0,0,0,0,0,0,0,0,0,0,0,0,0,0,0,0,0,0
(4)CircuitBreaker.scx,Zerg,0,6,0,0,5,0,1,4596,0,0,0,0,0,0,0,0,0,0,0,0,0,0,0,0,0,0,0,0
(4)CircuitBreaker.scx,Zerg,0,6,0,0,5,0,1,4608,0,0,0,0,0,0,0,0,0,0,0,0,0,0,0,0,0,0,0,0
(4)CircuitBreaker.scx,Zerg,0,6,0,0,5,0,1,4620,0,0,0,0,0,0,0,0,0,0,0,0,0,0,0,0,0,0,0,0
(4)CircuitBreaker.scx,Zerg,0,8,0,0,5,2,1,4632,0,0,0,0,0,0,0,0,0,0,0,0,0,0,0,0,0,0,0,0
(4)CircuitBreaker.scx,Zerg,0,8,0,0,4,3,1,4644,0,0,0,0,0,0,0,0,0,0,0,0,0,0,0,0,0,0,0,0
(4)CircuitBreaker.scx,Zerg,0,8,0,0,4,3,1,4656,0,0,0,0,0,0,0,0,0,0,0,0,0,0,0,0,0,0,0,0
(4)CircuitBreaker.scx,Zerg,0,9,0,0,3,4,2,4668,0,0,0,0,0,0,0,0,0,0,0,0,0,0,0,0,0,0,0,0
(4)CircuitBreaker.scx,Zerg,0,11,0,0,4,4,3,4680,0,0,0,0,0,0,0,0,0,0,0,0,0,0,0,0,0,0,0,0
(4)CircuitBreaker.scx,Zerg,0,11,0,0,7,3,1,4692,0,0,0,0,0,0,0,0,0,0,0,0,0,0,0,0,0,0,0,0
(4)CircuitBreaker.scx,Zerg,0,11,0,0,6,3,1,4704,0,0,0,0,0,0,0,0,0,0,0,0,0,0,0,0,0,0,0,0
(4)CircuitBreaker.scx,Zerg,0,12,0,0,6,2,3,4716,0,0,0,0,0,0,0,0,0,0,0,0,0,0,0,0,0,0,0,0
(4)CircuitBreaker.scx,Zerg,0,12,0,0,8,0,3,4728,0,0,0,0,0,0,0,0,0,0,0,0,0,0,0,0,0,0,0,0
(4)CircuitBreaker.scx,Zerg,0,12,0,0,10,0,1,4740,0,0,0,0,0,0,0,0,0,0,0,0,0,0,0,0,0,0,0,0
(4)CircuitBreaker.scx,Zerg,0,12,0,0,10,0,0,4752,0,0,0,0,0,0,0,0,0,0,0,0,0,0,0,0,0,0,0,0
(4)CircuitBreaker.scx,Zerg,0,12,0,0,10,0,0,4764,0,0,0,0,0,0,0,0,0,0,0,0,0,0,0,0,0,0,0,0
(4)CircuitBreaker.scx,Zerg,0,12,0,0,10,0,0,4776,0,0,0,0,0,0,0,0,0,0,0,0,0,0,0,0,0,0,0,0
(4)CircuitBreaker.scx,Zerg,0,12,0,0,9,0,1,4788,0,0,0,0,0,0,0,0,0,0,0,0,0,0,0,0,0,0,0,0
(4)CircuitBreaker.scx,Zerg,0,12,0,0,10,0,0,4800,0,0,0,0,0,0,0,0,0,0,0,0,0,0,0,0,0,0,0,0
(4)CircuitBreaker.scx,Zerg,0,12,0,0,10,0,0,4812,0,0,0,0,0,0,0,0,0,0,0,0,0,0,0,0,0,0,0,0
(4)CircuitBreaker.scx,Zerg,0,12,0,0,10,0,0,4824,0,0,0,0,0,0,0,0,0,0,0,0,0,0,0,0,0,0,0,0
(4)CircuitBreaker.scx,Zerg,0,12,0,0,10,0,0,4836,0,0,0,0,0,0,0,0,0,0,0,0,0,0,0,0,0,0,0,0
(4)CircuitBreaker.scx,Zerg,0,12,0,0,9,0,0,4848,0,0,0,0,0,0,0,0,0,0,0,0,0,0,0,0,0,0,0,0
(4)CircuitBreaker.scx,Zerg,0,12,0,0,8,0,0,4860,0,0,0,0,0,0,0,0,0,0,0,0,0,0,0,0,0,0,0,0
(4)CircuitBreaker.scx,Zerg,0,12,0,0,8,0,0,4872,0,0,0,0,0,0,0,0,0,0,0,0,0,0,0,0,0,0,0,0
(4)CircuitBreaker.scx,Zerg,0,12,0,0,7,0,0,4884,0,0,0,0,0,0,0,0,0,0,0,0,0,0,0,0,0,0,0,0
(4)CircuitBreaker.scx,Zerg,0,12,0,0,7,0,0,4896,0,0,0,0,0,0,0,0,0,0,0,0,0,0,0,0,0,0,0,0
(4)CircuitBreaker.scx,Zerg,0,12,0,0,7,0,0,4908,0,0,0,0,0,0,0,0,0,0,0,0,0,0,0,0,0,0,0,0
(4)CircuitBreaker.scx,Zerg,0,12,0,0,6,0,0,4920,0,0,0,0,0,0,0,0,0,0,0,0,0,0,0,0,0,0,0,0
(4)CircuitBreaker.scx,Zerg,0,12,0,0,6,0,0,4932,0,0,0,0,0,0,0,0,0,0,0,0,0,0,0,0,0,0,0,0
(4)CircuitBreaker.scx,Zerg,0,12,0,0,5,0,0,4944,0,0,0,0,0,0,0,0,0,0,0,0,0,0,0,0,0,0,0,0
(4)CircuitBreaker.scx,Zerg,0,12,0,0,5,0,0,4956,0,0,0,0,0,0,0,0,0,0,0,0,0,0,0,0,0,0,0,0
(4)CircuitBreaker.scx,Zerg,0,12,0,0,4,0,0,4968,0,0,0,0,0,0,0,0,0,0,0,0,0,0,0,0,0,0,0,0
(4)CircuitBreaker.scx,Zerg,0,12,0,0,4,0,0,4980,0,0,0,0,0,0,0,0,0,0,0,0,0,0,0,0,0,0,0,0
(4)CircuitBreaker.scx,Zerg,0,12,0,0,3,0,0,4992,0,0,0,0,0,0,0,0,0,0,0,0,0,0,0,0,0,0,0,0
(4)CircuitBreaker.scx,Zerg,0,12,0,0,2,0,1,5004,0,0,0,0,0,0,0,0,0,0,0,0,0,0,0,0,0,0,0,0
(4)CircuitBreaker.scx,Zerg,0,12,0,0,2,0,1,5016,0,0,0,0,0,0,0,0,0,0,0,0,0,0,0,0,0,0,0,0
(4)CircuitBreaker.scx,Zerg,0,12,0,0,3,0,0,5028,0,0,0,0,0,0,0,0,0,0,0,0,0,0,0,0,0,0,0,0
(4)CircuitBreaker.scx,Zerg,0,12,0,0,1,0,2,5040,0,0,0,0,0,0,0,0,0,0,0,0,0,0,0,0,0,0,0,0
(4)CircuitBreaker.scx,Zerg,0,12,0,0,2,0,1,5052,0,0,0,0,0,0,0,0,0,0,0,0,0,0,0,0,0,0,0,0
(4)CircuitBreaker.scx,Zerg,0,12,0,0,2,0,1,5064,0,0,0,0,0,0,0,0,0,0,0,0,0,0,0,0,0,0,0,0
(4)CircuitBreaker.scx,Zerg,0,12,0,0,3,0,0,5076,0,0,0,0,0,0,0,0,0,0,0,0,0,0,0,0,0,0,0,0
(4)CircuitBreaker.scx,Zerg,0,12,0,0,2,0,1,5088,0,0,0,0,0,0,0,0,0,0,0,0,0,0,0,0,0,0,0,0
(4)CircuitBreaker.scx,Zerg,0,12,0,0,3,0,0,5100,0,0,0,0,0,0,0,0,0,0,0,0,0,0,0,0,0,0,0,0
(4)CircuitBreaker.scx,Zerg,0,12,0,0,2,0,1,5112,0,0,0,0,0,0,0,0,0,0,0,0,0,0,0,0,0,0,0,0
(4)CircuitBreaker.scx,Zerg,0,12,0,0,1,0,2,5124,0,0,0,0,0,0,0,0,0,0,0,0,0,0,0,0,0,0,0,0
(4)CircuitBreaker.scx,Zerg,0,12,0,0,2,0,1,5136,0,0,0,0,0,0,0,0,0,0,0,0,0,0,0,0,0,0,0,0
(4)CircuitBreaker.scx,Zerg,0,12,0,0,1,0,2,5148,0,0,0,0,0,0,0,0,0,0,0,0,0,0,0,0,0,0,0,0
(4)CircuitBreaker.scx,Zerg,0,12,0,0,3,0,0,5160,0,0,0,0,0,0,0,0,0,0,0,0,0,0,0,0,0,0,0,0
(4)CircuitBreaker.scx,Zerg,0,12,0,0,2,0,1,5172,0,0,0,0,0,0,0,0,0,0,0,0,0,0,0,0,0,0,0,0
(4)CircuitBreaker.scx,Zerg,0,12,0,0,2,1,0,5184,0,0,0,0,0,0,0,0,0,0,0,0,0,0,0,0,0,0,0,0
(4)CircuitBreaker.scx,Zerg,0,12,0,0,0,2,1,5196,0,0,0,0,0,0,0,0,0,0,0,0,0,0,0,0,0,0,0,0
(4)CircuitBreaker.scx,Zerg,0,12,0,0,0,2,1,5208,0,0,0,0,0,0,0,0,0,0,0,0,0,0,0,0,0,0,0,0
(4)CircuitBreaker.scx,Zerg,0,12,0,0,0,1,2,5220,0,0,0,0,0,0,0,0,0,0,0,0,0,0,0,0,0,0,0,0
(4)CircuitBreaker.scx,Zerg,0,12,0,0,1,1,1,5232,0,0,0,0,0,0,0,0,0,0,0,0,0,0,0,0,0,0,0,0
(4)CircuitBreaker.scx,Zerg,0,12,0,0,2,1,0,5244,0,0,0,0,0,0,0,0,0,0,0,0,0,0,0,0,0,0,0,0
(4)CircuitBreaker.scx,Zerg,0,12,0,0,1,1,1,5256,0,0,0,0,0,0,0,0,0,0,0,0,0,0,0,0,0,0,0,0
(4)CircuitBreaker.scx,Zerg,0,12,0,0,2,1,0,5268,0,0,0,0,0,0,0,0,0,0,0,0,0,0,0,0,0,0,0,0
(4)CircuitBreaker.scx,Zerg,0,12,0,0,1,1,1,5280,0,0,0,0,0,0,0,0,0,0,0,0,0,0,0,0,0,0,0,0
(4)CircuitBreaker.scx,Zerg,0,12,0,0,1,1,1,5292,0,0,0,0,0,0,0,0,0,0,0,0,0,0,0,0,0,0,0,0
(4)CircuitBreaker.scx,Zerg,0,12,0,0,2,1,0,5304,0,0,0,0,0,0,0,0,0,0,0,0,0,0,0,0,0,0,0,0
(4)CircuitBreaker.scx,Zerg,0,12,0,0,0,2,1,5316,0,0,0,0,0,0,0,0,0,0,0,0,0,0,0,0,0,0,0,0
(4)CircuitBreaker.scx,Zerg,0,12,0,0,1,2,0,5328,0,0,0,0,0,0,0,0,0,0,0,0,0,0,0,0,0,0,0,0
(4)CircuitBreaker.scx,Zerg,0,12,0,0,0,2,1,5340,0,0,0,0,0,0,0,0,0,0,0,0,0,0,0,0,0,0,0,0
(4)CircuitBreaker.scx,Zerg,0,12,0,0,1,2,0,5352,0,0,0,0,0,0,0,0,0,0,0,0,0,0,0,0,0,0,0,0
(4)CircuitBreaker.scx,Zerg,0,12,0,0,0,2,1,5364,0,0,0,0,0,0,0,0,0,0,0,0,0,0,0,0,0,0,0,0
(4)CircuitBreaker.scx,Zerg,0,12,0,0,0,2,1,5376,0,0,0,0,0,0,0,0,0,0,0,0,0,0,0,0,0,0,0,0
(4)CircuitBreaker.scx,Zerg,0,12,0,0,1,2,0,5388,0,0,0,0,0,0,0,0,0,0,0,0,0,0,0,0,0,0,0,0
(4)CircuitBreaker.scx,Zerg,0,12,0,0,0,2,1,5400,0,0,0,0,0,0,0,0,0,0,0,0,0,0,0,0,0,0,0,0
(4)CircuitBreaker.scx,Zerg,0,12,0,0,1,2,0,5412,0,0,0,0,0,0,0,0,0,0,0,0,0,0,0,0,0,0,0,0
(4)CircuitBreaker.scx,Zerg,0,12,0,0,0,2,1,5424,0,0,0,0,0,0,0,0,0,0,0,0,0,0,0,0,0,0,0,0
(4)CircuitBreaker.scx,Zerg,0,12,0,0,0,2,1,5436,0,0,0,0,0,0,0,0,0,0,0,0,0,0,0,0,0,0,0,0
(4)CircuitBreaker.scx,Zerg,0,12,0,0,1,2,0,5448,0,0,0,0,0,0,0,0,0,0,0,0,0,0,0,0,0,0,0,0
(4)CircuitBreaker.scx,Zerg,0,12,0,0,0,2,1,5460,0,0,0,0,0,0,0,0,0,0,0,0,0,0,0,0,0,0,0,0
(4)CircuitBreaker.scx,Zerg,0,12,0,0,0,2,1,5472,0,0,0,0,0,0,0,0,0,0,0,0,0,0,0,0,0,0,0,0
(4)CircuitBreaker.scx,Zerg,0,12,0,0,0,2,1,5484,0,0,0,0,0,0,0,0,0,0,0,0,0,0,0,0,0,0,0,0
(4)CircuitBreaker.scx,Zerg,0,12,0,0,1,2,0,5496,0,0,0,0,0,0,0,0,0,0,0,0,0,0,0,0,0,0,0,0
(4)CircuitBreaker.scx,Zerg,0,12,0,0,1,2,0,5508,0,0,0,0,0,0,0,0,0,0,0,0,0,0,0,0,0,0,0,0
(4)CircuitBreaker.scx,Zerg,0,12,0,0,0,2,1,5520,0,0,0,0,0,0,0,0,0,0,0,0,0,0,0,0,0,0,0,0
(4)CircuitBreaker.scx,Zerg,0,12,0,0,0,2,1,5532,0,0,0,0,0,0,0,0,0,0,0,0,0,0,0,0,0,0,0,0
(4)CircuitBreaker.scx,Zerg,0,12,0,0,1,2,0,5544,0,0,0,0,0,0,0,0,0,0,0,0,0,0,0,0,0,0,0,0
(4)CircuitBreaker.scx,Zerg,0,12,0,0,1,2,0,5556,0,0,0,0,0,0,0,0,0,0,0,0,0,0,0,0,0,0,0,0
(4)CircuitBreaker.scx,Zerg,0,12,0,0,1,2,0,5568,0,0,0,0,0,0,0,0,0,0,0,0,0,0,0,0,0,0,0,0
(4)CircuitBreaker.scx,Zerg,0,12,0,0,1,2,0,5580,0,0,0,0,0,0,0,0,0,0,0,0,0,0,0,0,0,0,0,0
(4)CircuitBreaker.scx,Zerg,0,12,0,0,0,2,1,5592,0,0,0,0,0,0,0,0,0,0,0,0,0,0,0,0,0,0,0,0
(4)CircuitBreaker.scx,Zerg,0,12,0,0,1,2,0,5604,0,0,0,0,0,0,0,0,0,0,0,0,0,0,0,0,0,0,0,0
(4)CircuitBreaker.scx,Zerg,0,12,0,0,0,2,1,5616,0,0,0,0,0,0,0,0,0,0,0,0,0,0,0,0,0,0,0,0
(4)CircuitBreaker.scx,Zerg,0,12,0,0,1,2,0,5628,0,0,0,0,0,0,0,0,0,0,0,0,0,0,0,0,0,0,0,0
(4)CircuitBreaker.scx,Zerg,0,12,0,0,0,2,1,5640,0,0,0,0,0,0,0,0,0,0,0,0,0,0,0,0,0,0,0,0
(4)CircuitBreaker.scx,Zerg,0,12,0,0,1,2,0,5652,0,0,0,0,0,0,0,0,0,0,0,0,0,0,0,0,0,0,0,0
(4)CircuitBreaker.scx,Zerg,0,12,0,0,1,2,0,5664,0,0,0,0,0,0,0,0,0,0,0,0,0,0,0,0,0,0,0,0
(4)CircuitBreaker.scx,Zerg,0,12,0,0,0,1,2,5676,0,0,0,0,0,0,0,0,0,0,0,0,0,0,0,0,0,0,0,0
(4)CircuitBreaker.scx,Zerg,0,12,0,0,1,1,1,5688,0,0,0,0,0,0,0,0,0,0,0,0,0,0,0,0,0,0,0,0
(4)CircuitBreaker.scx,Zerg,0,12,0,0,0,1,2,5700,0,0,0,0,0,0,0,0,0,0,0,0,0,0,0,0,0,0,0,0
(4)CircuitBreaker.scx,Zerg,0,12,0,0,1,1,1,5712,0,0,0,0,0,0,0,0,0,0,0,0,0,0,0,0,0,0,0,0
(4)CircuitBreaker.scx,Zerg,0,12,0,0,0,1,2,5724,0,0,0,0,0,0,0,0,0,0,0,0,0,0,0,0,0,0,0,0
(4)CircuitBreaker.scx,Zerg,0,12,0,0,1,1,1,5736,0,0,0,0,0,0,0,0,0,0,0,0,0,0,0,0,0,0,0,0
(4)CircuitBreaker.scx,Zerg,0,12,0,0,1,1,1,5748,0,0,0,0,0,0,0,0,0,0,0,0,0,0,0,0,0,0,0,0
(4)CircuitBreaker.scx,Zerg,0,12,0,0,0,1,2,5760,0,0,0,0,0,0,0,0,0,0,0,0,0,0,0,0,0,0,0,0
(4)CircuitBreaker.scx,Zerg,0,12,0,0,1,1,1,5772,0,0,0,0,0,0,0,0,0,0,0,0,0,0,0,0,0,0,0,0
(4)CircuitBreaker.scx,Zerg,0,12,0,0,1,1,1,5784,0,0,0,0,0,0,0,0,0,0,0,0,0,0,0,0,0,0,0,0
(4)CircuitBreaker.scx,Zerg,0,12,0,0,1,1,1,5796,0,0,0,0,0,0,0,0,0,0,0,0,0,0,0,0,0,0,0,0
(4)CircuitBreaker.scx,Zerg,0,12,0,0,0,1,2,5808,0,0,0,0,0,0,0,0,0,0,0,0,0,0,0,0,0,0,0,0
(4)CircuitBreaker.scx,Zerg,0,12,0,0,0,1,2,5820,0,0,0,0,0,0,0,0,0,0,0,0,0,0,0,0,0,0,0,0
(4)CircuitBreaker.scx,Zerg,0,12,0,0,1,1,1,5832,0,0,0,0,0,0,0,0,0,0,0,0,0,0,0,0,0,0,0,0
(4)CircuitBreaker.scx,Zerg,0,12,0,0,0,1,2,5844,0,0,0,0,0,0,0,0,0,0,0,0,0,0,0,0,0,0,0,0
(4)CircuitBreaker.scx,Zerg,0,12,0,0,0,1,2,5856,0,0,0,0,0,0,0,0,0,0,0,0,0,0,0,0,0,0,0,0
(4)CircuitBreaker.scx,Zerg,0,12,0,0,0,1,2,5868,0,0,0,0,0,0,0,0,0,0,0,0,0,0,0,0,0,0,0,0
(4)CircuitBreaker.scx,Zerg,0,12,0,0,0,1,2,5880,0,0,0,0,0,0,0,0,0,0,0,0,0,0,0,0,0,0,0,0
(4)CircuitBreaker.scx,Zerg,0,12,0,0,1,1,1,5892,0,0,0,0,0,0,0,0,0,0,0,0,0,0,0,0,0,0,0,0
(4)CircuitBreaker.scx,Zerg,0,12,0,0,0,1,2,5904,0,0,0,0,0,0,0,0,0,0,0,0,0,0,0,0,0,0,0,0
(4)CircuitBreaker.scx,Zerg,0,12,0,0,1,1,1,5916,0,0,0,0,0,0,0,0,0,0,0,0,0,0,0,0,0,0,0,0
(4)CircuitBreaker.scx,Zerg,0,12,0,0,0,1,2,5928,0,0,0,0,0,0,0,0,0,0,0,0,0,0,0,0,0,0,0,0
(4)CircuitBreaker.scx,Zerg,0,12,0,0,0,1,2,5940,0,0,0,0,0,0,0,0,0,0,0,0,0,0,0,0,0,0,0,0
(4)CircuitBreaker.scx,Zerg,0,12,0,0,1,1,1,5952,0,0,0,0,0,0,0,0,0,0,0,0,0,0,0,0,0,0,0,0
(4)CircuitBreaker.scx,Zerg,0,12,0,0,0,1,2,5964,0,0,0,0,0,0,0,0,0,0,0,0,0,0,0,0,0,0,0,0
(4)CircuitBreaker.scx,Zerg,0,12,0,0,0,1,2,5976,0,0,0,0,0,0,0,0,0,0,0,0,0,0,0,0,0,0,0,0
(4)CircuitBreaker.scx,Zerg,0,12,0,0,0,1,2,5988,0,0,0,0,0,0,0,0,0,0,0,0,0,0,0,0,0,0,0,0
(4)CircuitBreaker.scx,Zerg,0,12,0,0,1,1,1,6000,0,0,0,0,0,0,0,0,0,0,0,0,0,0,0,0,0,0,0,0
(4)CircuitBreaker.scx,Zerg,0,12,0,0,0,1,2,6012,0,0,0,0,0,0,0,0,0,0,0,0,0,0,0,0,0,0,0,0
(4)CircuitBreaker.scx,Zerg,0,12,0,0,0,1,2,6024,0,0,0,0,0,0,0,0,0,0,0,0,0,0,0,0,0,0,0,0
(4)CircuitBreaker.scx,Zerg,0,12,0,0,1,1,1,6036,0,0,0,0,0,0,0,0,0,0,0,0,0,0,0,0,0,0,0,0
(4)CircuitBreaker.scx,Zerg,0,12,0,0,0,1,2,6048,0,0,0,0,0,0,0,0,0,0,0,0,0,0,0,0,0,0,0,0
(4)CircuitBreaker.scx,Zerg,0,12,0,0,0,1,2,6060,0,0,0,0,0,0,0,0,0,0,0,0,0,0,0,0,0,0,0,0
(4)CircuitBreaker.scx,Zerg,0,12,0,0,0,1,2,6072,0,0,0,0,0,0,0,0,0,0,0,0,0,0,0,0,0,0,0,0
(4)CircuitBreaker.scx,Zerg,0,12,0,0,1,1,1,6084,0,0,0,0,0,0,0,0,0,0,0,0,0,0,0,0,0,0,0,0
(4)CircuitBreaker.scx,Zerg,0,12,0,0,1,1,1,6096,0,0,0,0,0,0,0,0,0,0,0,0,0,0,0,0,0,0,0,0
(4)CircuitBreaker.scx,Zerg,0,12,0,0,0,1,2,6108,0,0,0,0,0,0,0,0,0,0,0,0,0,0,0,0,0,0,0,0
(4)CircuitBreaker.scx,Zerg,0,12,0,0,0,1,2,6120,0,0,0,0,0,0,0,0,0,0,0,0,0,0,0,0,0,0,0,0
(4)CircuitBreaker.scx,Zerg,0,12,0,0,1,1,1,6132,0,0,0,0,0,0,0,0,0,0,0,0,0,0,0,0,0,0,0,0
(4)CircuitBreaker.scx,Zerg,0,12,0,0,0,1,2,6144,0,0,0,0,0,0,0,0,0,0,0,0,0,0,0,0,0,0,0,0
(4)CircuitBreaker.scx,Zerg,0,12,0,0,1,1,1,6156,0,0,0,0,0,0,0,0,0,0,0,0,0,0,0,0,0,0,0,0
(4)CircuitBreaker.scx,Zerg,0,12,0,0,0,1,2,6168,0,0,0,0,0,0,0,0,0,0,0,0,0,0,0,0,0,0,0,0
(4)CircuitBreaker.scx,Zerg,0,12,0,0,1,1,1,6180,0,0,0,0,0,0,0,0,0,0,0,0,0,0,0,0,0,0,0,0
(4)CircuitBreaker.scx,Zerg,0,12,0,0,1,1,1,6192,0,0,0,0,0,0,0,0,0,0,0,0,0,0,0,0,0,0,0,0
(4)CircuitBreaker.scx,Zerg,0,12,0,0,1,1,1,6204,0,0,0,0,0,0,0,0,0,0,0,0,0,0,0,0,0,0,0,0
(4)CircuitBreaker.scx,Zerg,0,12,0,0,1,1,1,6216,0,0,0,0,0,0,0,0,0,0,0,0,0,0,0,0,0,0,0,0
(4)CircuitBreaker.scx,Zerg,0,12,0,0,1,1,1,6228,0,0,0,0,0,0,0,0,0,0,0,0,0,0,0,0,0,0,0,0
(4)CircuitBreaker.scx,Zerg,0,12,0,0,1,1,1,6240,0,0,0,0,0,0,0,0,0,0,0,0,0,0,0,0,0,0,0,0
(4)CircuitBreaker.scx,Zerg,0,15,0,0,1,4,1,6252,0,0,0,0,0,0,0,0,0,0,0,0,0,0,0,0,0,0,0,0
(4)CircuitBreaker.scx,Zerg,0,15,0,0,1,4,1,6264,0,0,0,0,0,0,0,0,0,0,0,0,0,0,0,0,0,0,0,0
(4)CircuitBreaker.scx,Zerg,0,15,0,0,1,4,1,6276,0,0,0,0,0,0,0,0,0,0,0,0,0,0,0,0,0,0,0,0
(4)CircuitBreaker.scx,Zerg,0,15,0,0,1,4,1,6288,0,0,0,0,0,0,0,0,0,0,0,0,0,0,0,0,0,0,0,0
(4)CircuitBreaker.scx,Zerg,0,15,0,0,0,4,2,6300,0,0,0,0,0,0,0,0,0,0,0,0,0,0,0,0,0,0,0,0
(4)CircuitBreaker.scx,Zerg,0,15,0,0,1,4,1,6312,0,0,0,0,0,0,0,0,0,0,0,0,0,0,0,0,0,0,0,0
(4)CircuitBreaker.scx,Zerg,0,15,0,0,0,5,1,6324,0,0,0,0,0,0,0,0,0,0,0,0,0,0,0,0,0,0,0,0
(4)CircuitBreaker.scx,Zerg,0,15,0,0,0,4,2,6336,0,0,0,0,0,0,0,0,0,0,0,0,0,0,0,0,0,0,0,0
(4)CircuitBreaker.scx,Zerg,0,15,0,0,1,4,1,6348,0,0,0,0,0,0,0,0,0,0,0,0,0,0,0,0,0,0,0,0
(4)CircuitBreaker.scx,Zerg,0,15,0,0,0,4,2,6360,0,0,0,0,0,0,0,0,0,0,0,0,0,0,0,0,0,0,0,0
(4)CircuitBreaker.scx,Zerg,0,15,0,0,1,4,1,6372,0,0,0,0,0,0,0,0,0,0,0,0,0,0,0,0,0,0,0,0
(4)CircuitBreaker.scx,Zerg,0,15,0,0,0,4,2,6384,0,0,0,0,0,0,0,0,0,0,0,0,0,0,0,0,0,0,0,0
(4)CircuitBreaker.scx,Zerg,0,15,0,0,1,4,1,6396,0,0,0,0,0,0,0,0,0,0,0,0,0,0,0,0,0,0,0,0
(4)CircuitBreaker.scx,Zerg,0,15,0,0,0,4,2,6408,0,0,0,0,0,0,0,0,0,0,0,0,0,0,0,0,0,0,0,0
(4)CircuitBreaker.scx,Zerg,0,15,0,0,1,4,1,6420,0,0,0,0,0,0,0,0,0,0,0,0,0,0,0,0,0,0,0,0
(4)CircuitBreaker.scx,Zerg,0,15,0,0,0,4,2,6432,0,0,0,0,0,0,0,0,0,0,0,0,0,0,0,0,0,0,0,0
(4)CircuitBreaker.scx,Zerg,0,15,0,0,1,4,1,6444,0,0,0,0,0,0,0,0,0,0,0,0,0,0,0,0,0,0,0,0
(4)CircuitBreaker.scx,Zerg,0,15,0,0,1,4,1,6456,0,0,0,0,0,0,0,0,0,0,0,0,0,0,0,0,0,0,0,0
(4)CircuitBreaker.scx,Zerg,0,15,0,0,0,4,2,6468,0,0,0,0,0,0,0,0,0,0,0,0,0,0,0,0,0,0,0,0
(4)CircuitBreaker.scx,Zerg,0,15,0,0,1,4,1,6480,0,0,0,0,0,0,0,0,0,0,0,0,0,0,0,0,0,0,0,0
(4)CircuitBreaker.scx,Zerg,0,15,0,0,1,4,1,6492,0,0,0,0,0,0,0,0,0,0,0,0,0,0,0,0,0,0,0,0
(4)CircuitBreaker.scx,Zerg,0,15,0,0,1,4,1,6504,0,0,0,0,0,0,0,0,0,0,0,0,0,0,0,0,0,0,0,0
(4)CircuitBreaker.scx,Zerg,0,15,0,0,0,4,2,6516,0,0,0,0,0,0,0,0,0,0,0,0,0,0,0,0,0,0,0,0
(4)CircuitBreaker.scx,Zerg,0,15,0,0,0,4,2,6528,0,0,0,0,0,0,0,0,0,0,0,0,0,0,0,0,0,0,0,0
(4)CircuitBreaker.scx,Zerg,0,15,0,0,1,4,1,6540,0,0,0,0,0,0,0,0,0,0,0,0,0,0,0,0,0,0,0,0
(4)CircuitBreaker.scx,Zerg,0,15,0,0,0,4,2,6552,0,0,0,0,0,0,0,0,0,0,0,0,0,0,0,0,0,0,0,0
(4)CircuitBreaker.scx,Zerg,0,15,0,0,0,4,2,6564,0,0,0,0,0,0,0,0,0,0,0,0,0,0,0,0,0,0,0,0
(4)CircuitBreaker.scx,Zerg,0,15,0,0,0,4,2,6576,0,0,0,0,0,0,0,0,0,0,0,0,0,0,0,0,0,0,0,0
(4)CircuitBreaker.scx,Zerg,0,15,0,0,0,4,2,6588,0,0,0,0,0,0,0,0,0,0,0,0,0,0,0,0,0,0,0,0
(4)CircuitBreaker.scx,Zerg,0,15,0,0,1,4,1,6600,0,0,0,0,0,0,0,0,0,0,0,0,0,0,0,0,0,0,0,0
(4)CircuitBreaker.scx,Zerg,0,15,0,0,0,4,2,6612,0,0,0,0,0,0,0,0,0,0,0,0,0,0,0,0,0,0,0,0
(4)CircuitBreaker.scx,Zerg,0,15,0,0,0,4,2,6624,0,0,0,0,0,0,0,0,0,0,0,0,0,0,0,0,0,0,0,0
(4)CircuitBreaker.scx,Zerg,0,15,0,0,1,4,1,6636,0,0,0,0,0,0,0,0,0,0,0,0,0,0,0,0,0,0,0,0
(4)CircuitBreaker.scx,Zerg,0,15,0,0,1,4,1,6648,0,0,0,0,0,0,0,0,0,0,0,0,0,0,0,0,0,0,0,0
(4)CircuitBreaker.scx,Zerg,0,15,0,0,1,4,1,6660,0,0,0,0,0,0,0,0,0,0,0,0,0,0,0,0,0,0,0,0
(4)CircuitBreaker.scx,Zerg,0,15,0,0,0,4,2,6672,0,0,0,0,0,0,0,0,0,0,0,0,0,0,0,0,0,0,0,0
(4)CircuitBreaker.scx,Zerg,0,15,0,0,0,4,2,6684,0,0,0,0,0,0,0,0,0,0,0,0,0,0,0,0,0,0,0,0
(4)CircuitBreaker.scx,Zerg,0,15,0,0,1,4,1,6696,0,0,0,0,0,0,0,0,0,0,0,0,0,0,0,0,0,0,0,0
(4)CircuitBreaker.scx,Zerg,0,15,0,0,1,3,2,6708,0,0,0,0,0,0,0,0,0,0,0,0,0,0,0,0,0,0,0,0
(4)CircuitBreaker.scx,Zerg,0,15,0,0,0,3,3,6720,0,0,0,0,0,0,0,0,0,0,0,0,0,0,0,0,0,0,0,0
(4)CircuitBreaker.scx,Zerg,0,15,0,0,1,3,2,6732,0,0,0,0,0,0,0,0,0,0,0,0,0,0,0,0,0,0,0,0
(4)CircuitBreaker.scx,Zerg,0,15,0,0,1,3,2,6744,0,0,0,0,0,0,0,0,0,0,0,0,0,0,0,0,0,0,0,0
(4)CircuitBreaker.scx,Zerg,0,15,0,0,0,3,2,6756,0,0,0,0,0,0,0,0,0,0,0,0,0,0,0,0,0,0,0,0
(4)CircuitBreaker.scx,Zerg,0,15,0,0,0,3,2,6768,0,0,0,0,0,0,0,0,0,0,0,0,0,0,0,0,0,0,0,0
(4)CircuitBreaker.scx,Zerg,0,15,0,0,0,3,2,6780,0,0,0,0,0,0,0,0,0,0,0,0,0,0,0,0,0,0,0,0
(4)CircuitBreaker.scx,Zerg,0,15,0,0,0,3,2,6792,0,0,0,0,0,0,0,0,0,0,0,0,0,0,0,0,0,0,0,0
(4)CircuitBreaker.scx,Zerg,0,15,0,0,0,3,2,6804,0,0,0,0,0,0,0,0,0,0,0,0,0,0,0,0,0,0,0,0
(4)CircuitBreaker.scx,Zerg,0,15,0,0,0,2,3,6816,0,0,0,0,0,0,0,0,0,0,0,0,0,0,0,0,0,0,0,0
(4)CircuitBreaker.scx,Zerg,0,15,0,0,0,1,4,6828,0,0,0,0,0,0,0,0,0,0,0,0,0,0,0,0,0,0,0,0
(4)CircuitBreaker.scx,Zerg,0,15,0,0,0,0,5,6840,0,0,0,0,0,0,0,0,0,0,0,0,0,0,0,0,0,0,0,0
(4)CircuitBreaker.scx,Zerg,0,19,0,0,0,1,8,6852,0,0,0,0,0,0,0,0,0,0,0,0,0,0,0,0,0,0,0,0
(4)CircuitBreaker.scx,Zerg,0,22,0,0,0,2,10,6864,0,0,0,0,0,0,0,0,0,0,0,0,0,0,0,0,0,0,0,0
(4)CircuitBreaker.scx,Zerg,0,22,0,0,0,5,7,6876,0,0,0,0,0,0,0,0,0,0,0,0,0,0,0,0,0,0,0,0
(4)CircuitBreaker.scx,Zerg,0,22,0,0,0,7,5,6888,0,0,0,0,0,0,0,0,0,0,0,0,0,0,0,0,0,0,0,0
(4)CircuitBreaker.scx,Zerg,0,22,0,0,0,9,3,6900,0,0,0,0,0,0,0,0,0,0,0,0,0,0,0,0,0,0,0,0
(4)CircuitBreaker.scx,Zerg,0,22,0,0,0,11,1,6912,0,0,0,0,0,0,0,0,0,0,0,0,0,0,0,0,0,0,0,0
(4)CircuitBreaker.scx,Zerg,0,22,0,0,0,12,0,6924,0,0,0,0,0,0,0,0,0,0,0,0,0,0,0,0,0,0,0,0
(4)CircuitBreaker.scx,Zerg,0,22,0,0,0,10,2,6936,0,0,0,0,0,0,0,0,0,0,0,0,0,0,0,0,0,0,0,0
(4)CircuitBreaker.scx,Zerg,0,22,0,0,0,10,1,6948,0,0,0,0,0,0,0,0,0,0,0,0,0,0,0,0,0,0,0,0
(4)CircuitBreaker.scx,Zerg,0,22,0,0,0,10,1,6960,0,0,0,0,0,0,0,0,0,0,0,0,0,0,0,0,0,0,0,0
(4)CircuitBreaker.scx,Zerg,0,22,0,0,1,9,1,6972,0,0,0,0,0,0,0,0,0,0,0,0,0,0,0,0,0,0,0,0
(4)CircuitBreaker.scx,Zerg,0,22,0,0,1,9,1,6984,0,0,0,0,0,0,0,0,0,0,0,0,0,0,0,0,0,0,0,0
(4)CircuitBreaker.scx,Zerg,0,22,0,0,2,8,1,6996,0,0,0,0,0,0,0,0,0,0,0,0,0,0,0,0,0,0,0,0
(4)CircuitBreaker.scx,Zerg,0,22,0,0,2,8,1,7008,0,0,0,0,0,0,0,0,0,0,0,0,0,0,0,0,0,0,0,0
(4)CircuitBreaker.scx,Zerg,0,22,0,0,4,7,0,7020,0,0,0,0,0,0,0,0,0,0,0,0,0,0,0,0,0,0,0,0
(4)CircuitBreaker.scx,Zerg,0,22,0,0,4,7,0,7032,0,0,0,0,0,0,0,0,0,0,0,0,0,0,0,0,0,0,0,0
(4)CircuitBreaker.scx,Zerg,0,22,0,0,3,8,0,7044,0,0,0,0,0,0,0,0,0,0,0,0,0,0,0,0,0,0,0,0
(4)CircuitBreaker.scx,Zerg,0,22,0,0,3,8,0,7056,0,0,0,0,0,0,0,0,0,0,0,0,0,0,0,0,0,0,0,0
(4)CircuitBreaker.scx,Zerg,0,22,0,0,3,6,2,7068,0,0,0,0,0,0,0,0,0,0,0,0,0,0,0,0,0,0,0,0
(4)CircuitBreaker.scx,Zerg,0,22,0,0,6,4,1,7080,0,0,0,0,0,0,0,0,0,0,0,0,0,0,0,0,0,0,0,0
(4)CircuitBreaker.scx,Zerg,0,22,0,0,6,2,3,7092,0,0,0,0,0,0,0,0,0,0,0,0,0,0,0,0,0,0,0,0
(4)CircuitBreaker.scx,Zerg,0,22,0,0,10,1,0,7104,0,0,0,0,0,0,0,0,0,0,0,0,0,0,0,0,0,0,0,0
(4)CircuitBreaker.scx,Zerg,0,22,0,0,11,0,0,7116,0,0,0,0,0,0,0,0,0,0,0,0,0,0,0,0,0,0,0,0
(4)CircuitBreaker.scx,Zerg,0,22,0,0,10,0,1,7128,0,0,0,0,0,0,0,0,0,0,0,0,0,0,0,0,0,0,0,0
(4)CircuitBreaker.scx,Zerg,0,22,0,0,11,0,0,7140,0,0,0,0,0,0,0,0,0,0,0,0,0,0,0,0,0,0,0,0
(4)CircuitBreaker.scx,Zerg,0,22,0,0,11,0,0,7152,0,0,0,0,0,0,0,0,0,0,0,0,0,0,0,0,0,0,0,0
(4)CircuitBreaker.scx,Zerg,0,22,0,0,10,0,0,7164,0,0,0,0,0,0,0,0,0,0,0,0,0,0,0,0,0,0,0,0
(4)CircuitBreaker.scx,Zerg,0,22,0,0,10,0,0,7176,0,0,0,0,0,0,0,0,0,0,0,0,0,0,0,0,0,0,0,0
(4)CircuitBreaker.scx,Zerg,0,22,0,0,10,0,0,7188,0,0,0,0,0,0,0,0,0,0,0,0,0,0,0,0,0,0,0,0
(4)CircuitBreaker.scx,Zerg,0,22,0,0,10,0,0,7200,0,0,0,0,0,0,0,0,0,0,0,0,0,0,0,0,0,0,0,0
